{
  "width": 16,
  "height": 16,
  "comps": [
    {
      "type": "shape",
      "background": "rgb(255,168,102)",
      "shadowColor": "#1ABC9C",
      "points": [
        1.11508,
        0.50002,
        1.12719,
        0.50002,
        5.50541,
        0.50002,
        5.84935,
        0.50002,
        6.1245,
        0.76086,
        6.1245,
        1.07839,
        6.1245,
        1.09352,
        6.1245,
        9.15299,
        9.7622,
        5.76588,
        9.99689,
        5.53531,
        10.39344,
        5.53531,
        10.63218,
        5.76588,
        10.75358,
        5.87176,
        10.81426,
        6.01915,
        10.81426,
        6.16658,
        10.81426,
        6.18172,
        10.81426,
        9.14921,
        14.44389,
        5.7621,
        14.69074,
        5.53153,
        15.07919,
        5.53153,
        15.32198,
        5.7621,
        15.44333,
        5.86798,
        15.5,
        6.01541,
        15.5,
        6.16284,
        15.5,
        6.17794,
        15.5,
        14.92165,
        15.5,
        15.24296,
        15.22484,
        15.50002,
        14.88091,
        15.50002,
        14.86876,
        15.50002,
        1.11103,
        15.50002,
        0.76709,
        15.50002,
        0.5,
        15.24296,
        0.5,
        14.92165,
        0.5,
        14.90651,
        0.5,
        1.07082,
        0.50405,
        0.76464,
        0.7711,
        0.50002,
        1.11508,
        0.50002,
        1.11508,
        0.50002,
        1.11508,
        0.50002,
        1.73417,
        8.75607,
        1.73417,
        8.75607,
        4.89033,
        8.75607,
        4.89033,
        6.8584,
        1.73417,
        6.8584,
        1.73417,
        8.75607,
        1.73417,
        8.75607,
        1.73417,
        8.75607,
        4.89033,
        9.44785,
        4.89033,
        9.44785,
        1.73417,
        9.44785,
        1.73417,
        14.3546,
        14.26988,
        14.3546,
        14.26988,
        7.56528,
        10.63623,
        10.96374,
        10.53104,
        11.06958,
        10.37323,
        11.12627,
        10.20732,
        11.12627,
        9.86338,
        11.12627,
        9.58418,
        10.873,
        9.58418,
        10.54412,
        9.58418,
        7.56149,
        5.95049,
        10.95996,
        5.8372,
        11.0658,
        5.68344,
        11.12249,
        5.51352,
        11.12249,
        5.17764,
        11.12249,
        4.89439,
        10.86921,
        4.89439,
        10.54033,
        4.89439,
        9.44785,
        4.89033,
        9.44785,
        4.89033,
        9.44785,
        4.89033,
        1.65679,
        4.89033,
        1.65679,
        1.73417,
        1.65679,
        1.73417,
        3.57335,
        4.89033,
        3.57335,
        4.89033,
        1.65679,
        4.89033,
        1.65679,
        4.89033,
        1.65679,
        1.73417,
        4.26891,
        1.73417,
        4.26891,
        1.73417,
        6.16658,
        4.89033,
        6.16658,
        4.89033,
        4.26891,
        1.73417,
        4.26891,
        1.73417,
        4.26891,
        1.73417,
        4.26891
      ],
      "segments": [
        1,
        2,
        2,
        4,
        2,
        2,
        2,
        4,
        4,
        2,
        2,
        2,
        4,
        4,
        2,
        2,
        4,
        2,
        2,
        4,
        2,
        2,
        4,
        2,
        2,
        1,
        2,
        2,
        2,
        2,
        2,
        2,
        2,
        1,
        2,
        2,
        2,
        2,
        2,
        2,
        4,
        4,
        2,
        2,
        4,
        4,
        2,
        2,
        2,
        1,
        2,
        2,
        2,
        2,
        2,
        2,
        2,
        1,
        2,
        2,
        2,
        2,
        2,
        2,
        2
      ]
    }
  ]
}