{
  "width": 16,
  "height": 16,
  "comps": [
    {
      "type": "shape",
      "background": "#FFCCCC",
      "shadowColor": "#1ABC9C",
      "points": [
        10.12067,
        10.27225,
        10.12067,
        10.26755,
        10.85467,
        5.58813,
        10.85467,
        5.52637,
        10.846,
        5.47334,
        10.82867,
        5.43374,
        10.80267,
        5.39413,
        10.768,
        5.35922,
        10.73267,
        5.32835,
        10.68534,
        5.30619,
        10.63734,
        5.29747,
        10.58867,
        5.29747,
        10.54934,
        5.30619,
        10.506,
        5.31895,
        10.44467,
        5.35855,
        6.784,
        8.34033,
        6.77534,
        8.34973,
        6.72267,
        8.37994,
        6.67,
        8.42021,
        6.61334,
        8.47257,
        6.60467,
        8.486,
        6.556,
        8.53433,
        6.51334,
        8.57796,
        6.47334,
        8.62227,
        6.42467,
        8.6753,
        6.382,
        8.72766,
        6.338,
        8.78941,
        6.30267,
        8.83841,
        6.264,
        8.8995,
        6.224,
        8.97401,
        6.18067,
        9.04047,
        6.154,
        9.10625,
        6.128,
        9.15861,
        6.09267,
        9.22909,
        6.07134,
        9.29958,
        6.05,
        9.36133,
        6.032,
        9.42242,
        6.01467,
        9.48418,
        5.99734,
        9.55936,
        5.97934,
        9.62581,
        5.96667,
        9.69563,
        5.958,
        9.76611,
        5.958,
        9.78356,
        5.94934,
        9.84532,
        5.94467,
        9.89835,
        5.94467,
        9.96816,
        5.94467,
        9.99434,
        5.94467,
        10.04737,
        5.94467,
        10.10443,
        5.94467,
        10.17021,
        5.95334,
        10.2407,
        5.962,
        10.31051,
        5.97067,
        10.37227,
        5.98334,
        10.4253,
        5.99667,
        10.49511,
        6.01467,
        10.57432,
        6.04067,
        10.63607,
        6.05334,
        10.70656,
        6.07534,
        10.75892,
        6.09267,
        10.81598,
        6.128,
        10.88243,
        6.154,
        10.94822,
        6.18934,
        11.01467,
        6.224,
        11.07576,
        6.25067,
        11.12409,
        6.25067,
        11.12409,
        6.29,
        11.18987,
        6.32934,
        11.24693,
        6.36867,
        11.29593,
        6.40334,
        11.34359,
        6.45134,
        11.40132,
        6.49534,
        11.45368,
        6.51267,
        11.46644,
        6.556,
        11.51544,
        6.604,
        11.55907,
        6.644,
        11.59398,
        6.65267,
        11.59398,
        6.69667,
        11.64231,
        6.758,
        11.68661,
        6.81,
        11.73494,
        6.86267,
        11.76985,
        6.924,
        11.80543,
        6.99334,
        11.84906,
        7.06334,
        11.88464,
        7.12467,
        11.91954,
        7.18534,
        11.94639,
        7.246,
        11.9766,
        7.312,
        12.00345,
        7.37734,
        12.0256,
        7.43867,
        12.04306,
        7.50867,
        12.06118,
        7.57867,
        12.07863,
        7.63934,
        12.09139,
        7.71,
        12.10481,
        7.77934,
        12.11354,
        7.79667,
        12.11354,
        7.84934,
        12.12227,
        7.91867,
        12.12227,
        7.98,
        12.12227,
        8.006,
        12.13166,
        8.05867,
        12.13166,
        8.12,
        12.12227,
        8.18067,
        12.12227,
        8.25067,
        12.11354,
        8.32067,
        12.10951,
        8.38134,
        12.10079,
        8.44267,
        12.09206,
        8.504,
        12.07863,
        8.578,
        12.06118,
        8.65267,
        12.04306,
        8.714,
        12.01688,
        8.766,
        11.99472,
        8.82734,
        11.97257,
        8.888,
        11.94639,
        8.958,
        11.91082,
        9.01867,
        11.88464,
        9.08,
        11.85376,
        9.128,
        11.82288,
        9.194,
        11.77925,
        9.25467,
        11.74434,
        9.29867,
        11.70004,
        9.312,
        11.69131,
        9.36,
        11.65573,
        9.40734,
        11.62083,
        9.456,
        11.5725,
        9.456,
        11.5678,
        9.50867,
        11.52349,
        9.56067,
        11.47046,
        9.59534,
        11.42683,
        9.60467,
        11.42683,
        9.644,
        11.36977,
        9.692,
        11.32144,
        9.73134,
        11.25566,
        9.77067,
        11.20665,
        9.80534,
        11.1449,
        9.84934,
        11.07509,
        9.89267,
        11.0046,
        9.91934,
        10.94285,
        9.946,
        10.88176,
        9.98134,
        10.82,
        9.99867,
        10.74952,
        10.024,
        10.68843,
        10.04134,
        10.62668,
        10.05934,
        10.56492,
        10.07667,
        10.49041,
        10.08534,
        10.46893,
        10.10267,
        10.40247,
        10.112,
        10.34542,
        10.12067,
        10.28366,
        10.12067,
        10.27225,
        10.12067,
        10.27225,
        10.12067,
        10.27225,
        3.21067,
        13.87428,
        3.21067,
        13.87428,
        3.45067,
        14.11594,
        3.45067,
        14.50729,
        3.21067,
        14.74962,
        2.97467,
        15,
        2.582,
        15,
        2.34534,
        14.74962,
        1.61134,
        14.01458,
        1.00867,
        13.12179,
        0.60734,
        12.13234,
        0.214,
        11.18249,
        0,
        10.14471,
        0,
        9.05389,
        0,
        7.96778,
        0.214,
        6.92463,
        0.60734,
        5.97478,
        1.00867,
        4.99003,
        1.61134,
        4.09254,
        2.34534,
        3.35347,
        3.78734,
        1.90151,
        5.78734,
        1,
        7.99734,
        1,
        9.08067,
        1,
        10.112,
        1.21615,
        11.05467,
        1.61153,
        12.03734,
        2.02503,
        12.92467,
        2.6144,
        13.658,
        3.3528,
        14.392,
        4.09187,
        14.986,
        4.98935,
        15.38867,
        5.97411,
        15.406,
        6.00096,
        15.79,
        6.9508,
        16,
        7.97986,
        16,
        9.05322,
        16,
        10.14403,
        15.78134,
        11.18182,
        15.38867,
        12.13166,
        14.986,
        13.12112,
        14.39267,
        14.0139,
        13.658,
        14.74894,
        13.414,
        14.99933,
        13.02934,
        14.99933,
        12.78467,
        14.74894,
        12.54867,
        14.50662,
        12.54867,
        14.11527,
        12.78467,
        13.87361,
        13.41334,
        13.24463,
        13.91667,
        12.49281,
        14.25667,
        11.6611,
        14.59267,
        10.86498,
        14.768,
        9.98159,
        14.768,
        9.05322,
        14.768,
        8.13828,
        14.59334,
        7.26764,
        14.27,
        6.47555,
        14.25667,
        6.44937,
        13.91667,
        5.62236,
        13.40934,
        4.86584,
        12.78467,
        4.23283,
        12.16,
        3.60788,
        11.41334,
        3.09369,
        10.58734,
        2.75537,
        9.79734,
        2.42108,
        8.91934,
        2.23581,
        7.99734,
        2.23581,
        6.128,
        2.23581,
        4.43334,
        3.00173,
        3.21,
        4.23283,
        2.58934,
        4.86584,
        2.07867,
        5.62303,
        1.74267,
        6.44937,
        1.41067,
        7.24482,
        1.22667,
        8.12888,
        1.22667,
        9.05322,
        1.22667,
        9.98092,
        1.41067,
        10.85625,
        1.74267,
        11.6611,
        2.07934,
        12.49348,
        2.59,
        13.2453,
        3.21067,
        13.87428,
        3.21067,
        13.87428,
        3.21067,
        13.87428,
        8.71467,
        8.84244,
        8.71467,
        8.84244,
        9.03734,
        9.03174,
        9.256,
        9.33515,
        9.34334,
        9.66945,
        9.34334,
        9.67415,
        9.43067,
        10.00374,
        9.396,
        10.38234,
        9.20334,
        10.7032,
        9.024,
        11.02877,
        8.72334,
        11.24894,
        8.382,
        11.33621,
        8.05,
        11.42884,
        7.68334,
        11.38521,
        7.36,
        11.20867,
        7.03734,
        11.01534,
        6.81867,
        10.71193,
        6.73134,
        10.37764,
        6.73134,
        10.37294,
        6.644,
        10.03864,
        6.67867,
        9.66475,
        6.87134,
        9.34388,
        7.05467,
        9.01832,
        7.352,
        8.80284,
        7.684,
        8.7102,
        8.024,
        8.61824,
        8.39067,
        8.65784,
        8.71467,
        8.84244,
        8.71467,
        8.84244,
        8.71467,
        8.84244,
        8.62667,
        9.86344,
        8.62667,
        9.86344,
        8.62667,
        9.86344,
        8.67067,
        10.01314,
        8.65334,
        10.18431,
        8.566,
        10.3293,
        8.48267,
        10.4837,
        8.34734,
        10.58439,
        8.19867,
        10.62399,
        8.19867,
        10.62399,
        8.046,
        10.6636,
        7.876,
        10.64614,
        7.73134,
        10.55821,
        7.58734,
        10.479,
        7.48267,
        10.3387,
        7.43867,
        10.18431,
        7.43867,
        10.18431,
        7.404,
        10.03932,
        7.41667,
        9.86344,
        7.50867,
        9.71375,
        7.59667,
        9.56876,
        7.72734,
        9.46739,
        7.876,
        9.42779,
        7.88467,
        9.42779,
        8.03334,
        9.38013,
        8.19934,
        9.40564,
        8.348,
        9.48485,
        8.48734,
        9.57278,
        8.58734,
        9.71375,
        8.62667,
        9.86344,
        8.62667,
        9.86344,
        8.62667,
        9.86344,
        11.58,
        5.67606,
        11.58,
        5.67606,
        10.846,
        10.37764,
        10.83734,
        10.47027,
        10.82,
        10.55821,
        10.80267,
        10.63272,
        10.798,
        10.63742,
        10.79334,
        10.65554,
        10.78067,
        10.73878,
        10.75867,
        10.82672,
        10.72334,
        10.92338,
        10.68867,
        11.01601,
        10.662,
        11.10395,
        10.61867,
        11.19189,
        10.57534,
        11.27982,
        10.53134,
        11.37246,
        10.488,
        11.44697,
        10.444,
        11.52551,
        10.39134,
        11.61411,
        10.33067,
        11.68863,
        10.274,
        11.77186,
        10.21667,
        11.84235,
        10.152,
        11.91283,
        10.086,
        11.99204,
        10.02467,
        12.06252,
        9.96,
        12.11488,
        9.95534,
        12.11488,
        9.90267,
        12.17194,
        9.82867,
        12.22967,
        9.75467,
        12.28203,
        9.75467,
        12.28673,
        9.75467,
        12.28673,
        9.742,
        12.29545,
        9.668,
        12.36191,
        9.58867,
        12.40957,
        9.51934,
        12.45857,
        9.51467,
        12.44985,
        9.43134,
        12.5069,
        9.35334,
        12.54651,
        9.28267,
        12.59081,
        9.204,
        12.62102,
        9.11667,
        12.6519,
        9.02934,
        12.6962,
        8.942,
        12.72708,
        8.85467,
        12.74923,
        8.76734,
        12.78414,
        8.68867,
        12.80159,
        8.59734,
        12.81904,
        8.50534,
        12.83314,
        8.40934,
        12.85059,
        8.322,
        12.86335,
        8.23467,
        12.86335,
        8.16067,
        12.87207,
        8.082,
        12.87207,
        7.99867,
        12.87207,
        7.95934,
        12.87207,
        7.88467,
        12.87207,
        7.806,
        12.86335,
        7.71934,
        12.85462,
        7.684,
        12.85462,
        7.59667,
        12.8412,
        7.50934,
        12.82374,
        7.41334,
        12.80159,
        7.33,
        12.79286,
        7.23867,
        12.75796,
        7.14267,
        12.72708,
        7.05534,
        12.6962,
        6.968,
        12.6613,
        6.88067,
        12.62169,
        6.784,
        12.58209,
        6.69734,
        12.53845,
        6.62734,
        12.49415,
        6.548,
        12.44179,
        6.47,
        12.39279,
        6.378,
        12.33573,
        6.29867,
        12.27867,
        6.234,
        12.21692,
        6.15534,
        12.15986,
        6.09,
        12.0934,
        6.03334,
        12.03634,
        5.976,
        11.97459,
        5.95867,
        11.95713,
        5.902,
        11.89135,
        5.84067,
        11.82489,
        5.77934,
        11.74636,
        5.718,
        11.66245,
        5.67,
        11.58794,
        5.62267,
        11.51745,
        5.62267,
        11.51745,
        5.57867,
        11.42952,
        5.53067,
        11.35031,
        5.5,
        11.2711,
        5.45667,
        11.20061,
        5.42067,
        11.11268,
        5.386,
        11.02004,
        5.35067,
        10.9321,
        5.32534,
        10.84014,
        5.29867,
        10.76093,
        5.28067,
        10.68172,
        5.26334,
        10.58976,
        5.246,
        10.49712,
        5.22867,
        10.40046,
        5.21934,
        10.30782,
        5.21467,
        10.22459,
        5.21067,
        10.1541,
        5.21067,
        10.07019,
        5.21067,
        9.98226,
        5.21067,
        9.95138,
        5.21067,
        9.8715,
        5.21467,
        9.78893,
        5.22334,
        9.6963,
        5.228,
        9.67012,
        5.23667,
        9.58218,
        5.254,
        9.48552,
        5.28,
        9.39758,
        5.298,
        9.3177,
        5.31934,
        9.22171,
        5.35,
        9.12438,
        5.38534,
        9.03241,
        5.42,
        8.94448,
        5.45534,
        8.85184,
        5.49867,
        8.7639,
        5.54267,
        8.67597,
        5.586,
        8.59676,
        5.63,
        8.52225,
        5.68267,
        8.43901,
        5.73934,
        8.3598,
        5.796,
        8.27992,
        5.85734,
        8.20541,
        5.92734,
        8.1309,
        5.97934,
        8.06511,
        6.04067,
        7.99866,
        6.102,
        7.9463,
        6.12,
        7.92884,
        6.18134,
        7.87179,
        6.25134,
        7.81473,
        6.32934,
        7.75297,
        6.32934,
        7.75297,
        9.98134,
        4.78462,
        9.99867,
        4.77052,
        10.02467,
        4.75307,
        10.038,
        4.72756,
        10.14267,
        4.67453,
        10.16467,
        4.65708,
        10.19067,
        4.64835,
        10.20867,
        4.63895,
        10.322,
        4.59532,
        10.322,
        4.59935,
        10.33934,
        4.59062,
        10.36134,
        4.58592,
        10.38334,
        4.58122,
        10.506,
        4.55974,
        10.532,
        4.55974,
        10.54934,
        4.55974,
        10.576,
        4.55974,
        10.66734,
        4.55974,
        10.698,
        4.55974,
        10.73267,
        4.55974,
        10.768,
        4.56847,
        10.87267,
        4.59062,
        10.90267,
        4.59935,
        10.92467,
        4.60807,
        10.95134,
        4.6168,
        11.06534,
        4.67386,
        11.08667,
        4.67856,
        11.10867,
        4.69198,
        11.13534,
        4.70474,
        11.23134,
        4.77992,
        11.22667,
        4.77992,
        11.24867,
        4.79267,
        11.266,
        4.81013,
        11.28334,
        4.82758,
        11.362,
        4.91149,
        11.388,
        4.93364,
        11.39734,
        4.94639,
        11.41,
        4.98197,
        11.46667,
        5.06991,
        11.484,
        5.09609,
        11.49267,
        5.11891,
        11.50134,
        5.14039,
        11.54067,
        5.25048,
        11.55334,
        5.28069,
        11.56267,
        5.29881,
        11.56267,
        5.32096,
        11.58,
        5.43978,
        11.58867,
        5.46193,
        11.58867,
        5.48341,
        11.58867,
        5.51026,
        11.58,
        5.62907,
        11.58,
        5.67606,
        11.58,
        5.67606,
        11.58,
        5.67606
      ],
      "segments": [
        1,
        2,
        2,
        2,
        2,
        2,
        2,
        2,
        2,
        2,
        2,
        2,
        2,
        2,
        2,
        2,
        2,
        4,
        2,
        4,
        4,
        4,
        4,
        4,
        4,
        4,
        2,
        4,
        2,
        4,
        4,
        4,
        4,
        4,
        4,
        2,
        4,
        4,
        2,
        4,
        2,
        4,
        4,
        4,
        4,
        4,
        4,
        2,
        4,
        2,
        4,
        4,
        4,
        4,
        4,
        4,
        4,
        2,
        4,
        2,
        4,
        2,
        4,
        4,
        4,
        4,
        4,
        2,
        4,
        2,
        2,
        2,
        1,
        2,
        4,
        4,
        4,
        4,
        4,
        4,
        4,
        4,
        4,
        4,
        2,
        4,
        4,
        4,
        4,
        4,
        4,
        4,
        4,
        2,
        4,
        4,
        4,
        4,
        4,
        4,
        4,
        4,
        2,
        2,
        1,
        2,
        4,
        2,
        4,
        4,
        4,
        4,
        2,
        4,
        4,
        4,
        2,
        2,
        1,
        2,
        2,
        4,
        4,
        2,
        4,
        4,
        2,
        4,
        4,
        2,
        4,
        4,
        2,
        2,
        1,
        2,
        2,
        4,
        2,
        2,
        4,
        4,
        4,
        4,
        4,
        4,
        2,
        4,
        2,
        2,
        2,
        4,
        2,
        4,
        4,
        4,
        4,
        4,
        4,
        2,
        4,
        2,
        4,
        4,
        4,
        4,
        4,
        4,
        4,
        2,
        4,
        4,
        2,
        4,
        4,
        4,
        4,
        4,
        4,
        2,
        4,
        2,
        4,
        4,
        4,
        4,
        4,
        4,
        4,
        2,
        4,
        2,
        2,
        4,
        2,
        4,
        2,
        2,
        4,
        2,
        4,
        2,
        4,
        2,
        4,
        2,
        4,
        2,
        2,
        4,
        2,
        4,
        2,
        4,
        2,
        4,
        2,
        4,
        2,
        2,
        2,
        2
      ]
    }
  ]
}