{
  "width": 16,
  "height": 16,
  "comps": [
    {
      "type": "shape",
      "background": "rgb(0,255,153)",
      "shadowColor": "#1ABC9C",
      "points": [
        6.35113,
        7.30677,
        6.15957,
        7.30677,
        6.00933,
        7.15562,
        6.00933,
        6.96755,
        6.00933,
        6.7758,
        6.15957,
        6.63199,
        6.35113,
        6.63199,
        11.33526,
        6.63199,
        11.52682,
        6.63199,
        11.68083,
        6.7758,
        11.68083,
        6.96755,
        11.68083,
        7.15562,
        11.52682,
        7.30677,
        11.33526,
        7.30677,
        6.35113,
        7.30677,
        6.35113,
        7.30677,
        6.35113,
        7.30677,
        4.64218,
        11.16374,
        4.64218,
        11.16374,
        4.95391,
        11.16374,
        5.21307,
        11.41448,
        5.21307,
        11.7242,
        5.21307,
        12.03761,
        4.95767,
        12.28835,
        4.64218,
        12.28835,
        4.32293,
        12.28835,
        4.06377,
        12.03761,
        4.06377,
        11.7242,
        4.06377,
        11.41448,
        4.32293,
        11.16374,
        4.64218,
        11.16374,
        4.64218,
        11.16374,
        4.64218,
        11.16374,
        4.64218,
        8.78171,
        4.64218,
        8.78171,
        4.95391,
        8.78171,
        5.21307,
        9.03245,
        5.21307,
        9.34586,
        5.21307,
        9.64824,
        4.95767,
        9.91005,
        4.64218,
        9.91005,
        4.32293,
        9.91005,
        4.06377,
        9.65193,
        4.06377,
        9.34586,
        4.06377,
        9.03614,
        4.32293,
        8.78171,
        4.64218,
        8.78171,
        4.64218,
        8.78171,
        4.64218,
        8.78171,
        4.64218,
        6.39971,
        4.64218,
        6.39971,
        4.95391,
        6.39971,
        5.21307,
        6.65783,
        5.21307,
        6.96755,
        5.21307,
        7.28835,
        4.95767,
        7.53171,
        4.64218,
        7.53171,
        4.32293,
        7.53171,
        4.06377,
        7.28835,
        4.06377,
        6.96755,
        4.06377,
        6.65783,
        4.32293,
        6.39971,
        4.64218,
        6.39971,
        4.64218,
        6.39971,
        4.64218,
        6.39971,
        8,
        0.5,
        8,
        0.5,
        8.62345,
        0.5,
        9.18686,
        0.75443,
        9.60003,
        1.15636,
        9.88548,
        1.43659,
        10.0958,
        1.79426,
        10.20096,
        2.19615,
        12.03387,
        2.19615,
        12.22916,
        2.19615,
        12.3794,
        2.34734,
        12.3794,
        2.5354,
        12.3794,
        2.54278,
        12.3794,
        2.83774,
        13.95315,
        2.83774,
        14.26864,
        2.83774,
        14.5278,
        3.09217,
        14.5278,
        3.40562,
        14.5278,
        3.41665,
        14.5278,
        14.93216,
        14.5278,
        15.25295,
        14.2724,
        15.5,
        13.95315,
        15.5,
        13.93815,
        15.5,
        2.04681,
        15.5,
        1.73133,
        15.5,
        1.47216,
        15.25295,
        1.47216,
        14.93216,
        1.47216,
        14.92108,
        1.47216,
        3.40927,
        1.47216,
        3.09586,
        1.72757,
        2.84143,
        2.04681,
        2.84143,
        2.06185,
        2.84143,
        3.62056,
        2.84143,
        3.62056,
        2.53909,
        3.62056,
        2.35103,
        3.77832,
        2.19984,
        3.96609,
        2.19984,
        3.97361,
        2.19984,
        5.80652,
        2.19984,
        5.90416,
        1.8016,
        6.11449,
        1.44028,
        6.40745,
        1.16001,
        6.8131,
        0.75812,
        7.37651,
        0.5,
        8,
        0.5,
        8,
        0.5,
        8,
        0.5,
        9.47607,
        2.19615,
        9.47607,
        2.19615,
        9.39343,
        1.97863,
        9.2695,
        1.78687,
        9.11174,
        1.63569,
        8.8263,
        1.35546,
        8.43569,
        1.17477,
        8,
        1.17477,
        7.57179,
        1.17477,
        7.17367,
        1.35546,
        6.88822,
        1.63569,
        6.73046,
        1.78687,
        6.60278,
        1.97863,
        6.52389,
        2.19615,
        8,
        2.19615,
        9.47607,
        2.19615,
        9.47607,
        2.19615,
        9.47607,
        2.19615,
        12.37564,
        3.96608,
        12.37564,
        3.96608,
        12.37564,
        4.27949,
        12.37564,
        4.46755,
        12.22544,
        4.61874,
        12.03011,
        4.61874,
        12.02259,
        4.61874,
        7.99624,
        4.61874,
        3.96233,
        4.61874,
        3.77456,
        4.61874,
        3.6168,
        4.46755,
        3.6168,
        4.27949,
        3.6168,
        4.27211,
        3.6168,
        3.96977,
        2.61398,
        3.96977,
        2.61398,
        14.37539,
        13.37474,
        14.37539,
        13.37474,
        3.96977,
        12.37564,
        3.96977,
        12.37564,
        3.96608,
        12.37564,
        3.96608,
        8,
        2.87461,
        8,
        2.87461,
        4.30789,
        2.87461,
        4.30789,
        3.40562,
        4.30789,
        3.94397,
        8,
        3.94397,
        11.69207,
        3.94397,
        11.69207,
        3.40562,
        11.69207,
        2.87461,
        8,
        2.87461,
        8,
        2.87461,
        8,
        2.87461,
        6.35113,
        12.05607,
        6.35113,
        12.05607,
        6.15957,
        12.05607,
        6.00933,
        11.91226,
        6.00933,
        11.7242,
        6.00933,
        11.53983,
        6.15957,
        11.38495,
        6.35113,
        11.38495,
        11.33526,
        11.38495,
        11.52682,
        11.38495,
        11.68083,
        11.53983,
        11.68083,
        11.7242,
        11.68083,
        11.91226,
        11.52682,
        12.05607,
        11.33526,
        12.05607,
        6.35113,
        12.05607,
        6.35113,
        12.05607,
        6.35113,
        12.05607,
        6.35113,
        9.6888,
        6.35113,
        9.6888,
        6.15957,
        9.6888,
        6.00933,
        9.53392,
        6.00933,
        9.34586,
        6.00933,
        9.15783,
        6.15957,
        9.01034,
        6.35113,
        9.01034,
        11.33526,
        9.01034,
        11.52682,
        9.01034,
        11.68083,
        9.15783,
        11.68083,
        9.34586,
        11.68083,
        9.53392,
        11.52682,
        9.6888,
        11.33526,
        9.6888,
        6.35113,
        9.6888,
        6.35113,
        9.6888,
        6.35113,
        9.6888
      ],
      "segments": [
        1,
        4,
        4,
        2,
        4,
        4,
        2,
        2,
        2,
        1,
        2,
        4,
        4,
        4,
        4,
        2,
        2,
        1,
        2,
        4,
        4,
        4,
        4,
        2,
        2,
        1,
        2,
        4,
        4,
        4,
        4,
        2,
        2,
        1,
        2,
        4,
        4,
        2,
        4,
        2,
        2,
        2,
        4,
        2,
        2,
        4,
        2,
        2,
        4,
        2,
        2,
        4,
        2,
        2,
        2,
        4,
        2,
        2,
        4,
        4,
        2,
        2,
        1,
        2,
        4,
        4,
        4,
        4,
        2,
        2,
        2,
        2,
        1,
        2,
        2,
        4,
        2,
        2,
        2,
        4,
        2,
        2,
        2,
        2,
        2,
        2,
        2,
        2,
        2,
        1,
        2,
        2,
        2,
        2,
        2,
        2,
        2,
        2,
        2,
        2,
        2,
        1,
        2,
        4,
        4,
        2,
        4,
        4,
        2,
        2,
        2,
        1,
        2,
        4,
        4,
        2,
        4,
        4,
        2,
        2,
        2
      ]
    }
  ]
}