{
  "width": 16,
  "height": 16,
  "comps": [
    {
      "type": "shape",
      "background": "rgb(0,255,153)",
      "shadowColor": "#1ABC9C",
      "anchorX": 0.2732,
      "anchorY": 0.34563,
      "points": [
        8.22627,
        1.08083,
        13.64001,
        3.93147,
        13.73318,
        3.9877,
        13.80969,
        4.06503,
        13.85628,
        4.15641,
        15.36693,
        6.99649,
        15.50003,
        7.26011,
        15.41352,
        7.57998,
        15.17061,
        7.72758,
        15.15398,
        7.73462,
        15.13067,
        7.74166,
        15.11405,
        7.7557,
        13.9295,
        8.38489,
        13.9295,
        11.58348,
        13.9295,
        11.81546,
        13.78973,
        12.00528,
        13.60341,
        12.08262,
        8.22298,
        14.92267,
        8.07655,
        15.00001,
        7.90685,
        14.99297,
        7.77045,
        14.92267,
        7.77045,
        14.92267,
        2.35671,
        12.05447,
        2.18371,
        11.9631,
        2.07722,
        11.7733,
        2.07722,
        11.58348,
        2.07722,
        11.58348,
        2.07722,
        8.38489,
        0.85273,
        7.73814,
        0.59985,
        7.61161,
        0.50003,
        7.28118,
        0.62314,
        7.02109,
        0.63646,
        7.00001,
        0.63646,
        7.00001,
        2.14044,
        4.15993,
        2.20033,
        4.05096,
        2.28686,
        3.97362,
        2.38999,
        3.92443,
        7.77708,
        1.08435,
        7.92017,
        1.00001,
        8.08988,
        1.00001,
        8.22627,
        1.08083,
        8.22627,
        1.08083,
        8.22627,
        1.08083,
        7.70057,
        13.6854,
        7.70057,
        13.6854,
        7.70057,
        8.51845,
        6.85873,
        10.09667,
        6.77885,
        10.24779,
        6.59252,
        10.30757,
        6.44613,
        10.21968,
        6.43947,
        10.21616,
        3.08877,
        8.45167,
        3.08877,
        11.24605,
        7.70057,
        13.6854,
        7.70057,
        13.6854,
        7.70057,
        13.6854,
        7.70057,
        6.75748,
        7.70057,
        6.75748,
        7.70057,
        2.32162,
        3.49137,
        4.54307,
        7.70057,
        6.75748,
        7.70057,
        6.75748,
        7.70057,
        6.75748,
        8.30615,
        2.3181,
        8.30615,
        2.3181,
        8.30615,
        6.75396,
        12.50869,
        4.53603,
        8.30615,
        2.3181,
        8.30615,
        2.3181,
        8.30615,
        2.3181,
        8.30615,
        8.52549,
        8.30615,
        8.52549,
        8.30615,
        13.6854,
        12.90463,
        11.24253,
        12.90463,
        8.44111,
        9.55059,
        10.21264,
        9.54396,
        10.21616,
        9.40087,
        10.30406,
        9.21121,
        10.24779,
        9.13133,
        10.09315,
        8.30615,
        8.52549,
        8.30615,
        8.52549,
        8.30615,
        8.52549,
        13.11094,
        4.93321,
        13.11094,
        4.93321,
        8.41926,
        7.41478,
        9.52064,
        9.50967,
        14.21565,
        7.03165,
        13.11094,
        4.93321,
        13.11094,
        4.93321,
        13.11094,
        4.93321,
        2.85584,
        7.60457,
        2.85584,
        7.60457,
        6.46942,
        9.50967,
        7.58076,
        7.41478,
        2.88911,
        4.94024,
        1.77774,
        7.03516,
        2.76934,
        7.55535,
        2.79595,
        7.56942,
        2.8259,
        7.5835,
        2.85584,
        7.60457,
        2.85584,
        7.60457,
        2.85584,
        7.60457
      ],
      "segments": [
        1,
        2,
        4,
        2,
        4,
        4,
        2,
        2,
        4,
        2,
        4,
        2,
        2,
        4,
        2,
        2,
        2,
        4,
        2,
        2,
        2,
        4,
        2,
        4,
        2,
        2,
        1,
        2,
        2,
        2,
        4,
        2,
        2,
        2,
        2,
        2,
        2,
        1,
        2,
        2,
        2,
        2,
        2,
        2,
        1,
        2,
        2,
        2,
        2,
        2,
        2,
        1,
        2,
        2,
        2,
        2,
        2,
        2,
        4,
        2,
        2,
        2,
        1,
        2,
        2,
        2,
        2,
        2,
        2,
        2,
        1,
        2,
        2,
        2,
        2,
        2,
        2,
        4,
        2,
        2
      ]
    }
  ]
}