{
  "width": 16,
  "height": 16,
  "comps": [
    {
      "type": "shape",
      "background": "rgb(0,255,153)",
      "shadowColor": "#1ABC9C",
      "points": [
        6.99923,
        1.77255,
        6.99923,
        3.13656,
        7.16163,
        2.95356,
        7.18806,
        2.92029,
        7.33156,
        2.77476,
        7.55815,
        2.79553,
        7.67897,
        2.95356,
        8.11704,
        3.49419,
        8.35875,
        3.25715,
        8.47205,
        3.14072,
        8.64576,
        3.12407,
        8.77039,
        3.20308,
        9.00451,
        3.36526,
        9.00451,
        1.77255,
        6.99923,
        1.77255,
        6.99923,
        1.77255,
        6.99923,
        1.77255,
        9.69937,
        1.77255,
        9.69937,
        1.77255,
        9.69937,
        4.03478,
        9.69937,
        4.24688,
        9.54453,
        4.41739,
        9.35574,
        4.41739,
        9.27265,
        4.41739,
        9.20846,
        4.39245,
        9.15179,
        4.35087,
        8.6382,
        4.00568,
        8.32855,
        4.32173,
        8.18879,
        4.46314,
        7.97732,
        4.45065,
        7.84516,
        4.29263,
        7.8376,
        4.2843,
        7.40331,
        3.752,
        6.89728,
        4.30928,
        6.75755,
        4.45481,
        6.54226,
        4.45065,
        6.40632,
        4.30928,
        6.34213,
        4.23027,
        6.30815,
        4.13461,
        6.30815,
        4.03478,
        6.30815,
        4.03478,
        6.30815,
        1.77255,
        3.41162,
        1.77255,
        3.41162,
        10.6719,
        12.59969,
        10.6719,
        12.59969,
        1.77255,
        9.69937,
        1.77255,
        9.69937,
        1.77255,
        9.69937,
        1.77255,
        2.25226,
        10.6719,
        2.25226,
        10.6719,
        2.25226,
        1.15707,
        2.25226,
        1.14458,
        2.25226,
        0.79111,
        2.50528,
        0.5,
        2.83383,
        0.5,
        13.15105,
        0.5,
        13.16617,
        0.5,
        13.48716,
        0.5,
        13.74774,
        0.79111,
        13.74774,
        1.14458,
        13.74774,
        10.67606,
        14.92596,
        10.67606,
        15.23564,
        10.67606,
        15.5,
        10.96301,
        15.5,
        11.31648,
        15.5,
        11.3248,
        15.5,
        14.85542,
        15.5,
        15.20473,
        15.23942,
        15.49167,
        14.92596,
        15.49167,
        14.91087,
        15.49167,
        13.20394,
        15.49167,
        12.89047,
        15.49167,
        12.62611,
        15.20889,
        12.62611,
        14.85542,
        12.62611,
        14.83877,
        12.62611,
        14.17342,
        10.02414,
        14.17342,
        10.02414,
        14.85958,
        10.02414,
        15.20889,
        9.75982,
        15.49584,
        9.44258,
        15.49584,
        9.42749,
        15.49584,
        6.55739,
        15.49584,
        6.2364,
        15.49584,
        5.98338,
        15.21305,
        5.98338,
        14.85958,
        5.98338,
        14.84293,
        5.98338,
        14.17758,
        3.37385,
        14.17758,
        3.37385,
        14.86375,
        3.37385,
        15.21305,
        3.11327,
        15.5,
        2.79606,
        15.5,
        2.77716,
        15.5,
        1.07401,
        15.5,
        0.76432,
        15.5,
        0.49996,
        15.21722,
        0.49996,
        14.86375,
        0.49996,
        14.84709,
        0.49996,
        11.3248,
        0.49996,
        10.97546,
        0.76054,
        10.68435,
        1.07401,
        10.68435,
        1.08909,
        10.68435,
        2.25226,
        10.68435,
        2.25226,
        10.6719,
        2.25226,
        10.6719,
        14.34817,
        11.94441,
        14.34817,
        11.94441,
        10.11858,
        11.94441,
        5.88517,
        11.94441,
        1.65557,
        11.94441,
        1.65557,
        14.215,
        2.2145,
        14.215,
        2.2145,
        13.54961,
        2.2145,
        13.533,
        2.2145,
        13.18781,
        2.47882,
        12.89258,
        2.79606,
        12.89258,
        6.54226,
        12.89258,
        6.55739,
        12.89258,
        6.87837,
        12.89258,
        7.13517,
        13.18369,
        7.13517,
        13.533,
        7.13517,
        14.21917,
        8.86857,
        14.21917,
        8.86857,
        13.55377,
        8.86857,
        13.53716,
        8.86857,
        13.19198,
        9.12537,
        12.89675,
        9.44636,
        12.89675,
        13.18882,
        12.89675,
        13.20394,
        12.89675,
        13.51736,
        12.89675,
        13.77794,
        13.18781,
        13.77794,
        13.53716,
        13.77794,
        14.22333,
        14.34817,
        14.22333,
        14.34817,
        11.94441,
        14.34817,
        11.94441,
        14.34817,
        11.94441,
        8.62689,
        10.02316,
        8.62689,
        10.02316,
        8.43807,
        10.02316,
        8.27944,
        9.85681,
        8.27944,
        9.64055,
        8.27944,
        9.43265,
        8.43807,
        9.25798,
        8.62689,
        9.25798,
        8.86857,
        9.25798,
        8.86479,
        9.22888,
        8.85723,
        9.2039,
        8.85723,
        9.15815,
        8.85723,
        6.86678,
        8.74393,
        6.96245,
        8.57023,
        6.97077,
        8.44937,
        6.87095,
        8.29456,
        6.75035,
        8.26058,
        6.50915,
        8.36631,
        6.33448,
        8.90634,
        5.51526,
        8.96675,
        5.40711,
        9.08004,
        5.33643,
        9.2009,
        5.33643,
        9.33306,
        5.33643,
        9.44636,
        5.4196,
        9.50302,
        5.52355,
        10.03548,
        6.33448,
        10.145,
        6.50915,
        10.11858,
        6.75035,
        9.95617,
        6.87095,
        9.82779,
        6.97077,
        9.66539,
        6.96245,
        9.55209,
        6.86678,
        9.55209,
        9.15815,
        9.55209,
        9.2039,
        9.54453,
        9.22888,
        9.53701,
        9.25798,
        10.77189,
        9.25798,
        10.76433,
        9.22888,
        10.75677,
        9.2039,
        10.75677,
        9.15815,
        10.75677,
        6.86678,
        10.64348,
        6.96245,
        10.47355,
        6.97077,
        10.35269,
        6.87095,
        10.20167,
        6.75035,
        10.16012,
        6.50915,
        10.26964,
        6.33448,
        10.81344,
        5.51526,
        10.87763,
        5.40711,
        10.98715,
        5.33643,
        11.108,
        5.33643,
        11.23638,
        5.33643,
        11.3459,
        5.4196,
        11.41013,
        5.52355,
        11.94259,
        6.33448,
        12.04833,
        6.50915,
        12.01434,
        6.75035,
        11.8595,
        6.87095,
        11.7349,
        6.97077,
        11.57249,
        6.96245,
        11.45164,
        6.86678,
        11.45164,
        9.15815,
        11.45164,
        9.2039,
        11.44786,
        9.22888,
        11.44033,
        9.25798,
        11.68201,
        9.25798,
        11.8784,
        9.25798,
        12.02946,
        9.43265,
        12.02946,
        9.64055,
        12.02946,
        9.85681,
        11.8784,
        10.02316,
        11.68201,
        10.02316,
        8.62689,
        10.02316,
        8.62689,
        10.02316,
        8.62689,
        10.02316,
        9.50302,
        5.52355,
        9.50302,
        5.52355,
        9.53701,
        5.57762,
        9.55209,
        5.64415,
        9.55209,
        5.71487,
        9.50302,
        5.52355,
        9.50302,
        5.52355,
        9.50302,
        5.52355,
        11.41013,
        5.52355,
        11.41013,
        5.52355,
        11.43655,
        5.57762,
        11.45164,
        5.64415,
        11.45164,
        5.71487,
        11.41013,
        5.52355,
        11.41013,
        5.52355,
        11.41013,
        5.52355
      ],
      "segments": [
        1,
        2,
        2,
        2,
        4,
        2,
        2,
        4,
        2,
        2,
        2,
        2,
        2,
        1,
        2,
        2,
        4,
        4,
        2,
        2,
        4,
        2,
        2,
        2,
        4,
        4,
        2,
        2,
        2,
        2,
        2,
        2,
        2,
        2,
        2,
        1,
        2,
        2,
        2,
        4,
        2,
        2,
        4,
        2,
        2,
        4,
        2,
        2,
        4,
        2,
        2,
        4,
        2,
        2,
        2,
        2,
        4,
        2,
        2,
        4,
        2,
        2,
        2,
        2,
        4,
        2,
        2,
        4,
        2,
        2,
        4,
        2,
        2,
        2,
        2,
        1,
        2,
        4,
        2,
        2,
        2,
        2,
        4,
        2,
        2,
        4,
        2,
        2,
        2,
        2,
        4,
        2,
        2,
        4,
        2,
        2,
        2,
        2,
        2,
        1,
        2,
        4,
        4,
        2,
        4,
        2,
        4,
        4,
        2,
        4,
        4,
        2,
        4,
        4,
        2,
        4,
        2,
        4,
        2,
        4,
        4,
        2,
        4,
        4,
        2,
        4,
        4,
        2,
        4,
        2,
        4,
        4,
        2,
        2,
        2,
        1,
        2,
        4,
        2,
        2,
        2,
        1,
        2,
        4,
        2,
        2,
        2
      ]
    }
  ]
}