{
  "width": 16,
  "height": 16,
  "comps": [
    {
      "type": "shape",
      "background": "rgb(67,209,102)",
      "shadowColor": "#1ABC9C",
      "points": [
        0.61603,
        2,
        0.6287,
        2,
        15.38864,
        2,
        15.72466,
        2,
        16,
        2.26831,
        16,
        2.59106,
        16,
        2.60387,
        16,
        13.40381,
        16,
        13.73936,
        15.72466,
        14,
        15.38864,
        14,
        15.37131,
        14,
        0.61603,
        14,
        0.27535,
        14,
        0,
        13.74,
        0,
        13.40381,
        0,
        13.39164,
        0,
        2.59106,
        0,
        2.26831,
        0.27535,
        2,
        0.61603,
        2,
        0.61603,
        2,
        0.61603,
        2,
        14.76862,
        3.69507,
        14.76862,
        3.69507,
        8.26035,
        9.94642,
        8.12034,
        10.0809,
        7.88433,
        10.0809,
        7.73566,
        9.94642,
        1.23605,
        3.69507,
        1.23605,
        12.81658,
        14.76862,
        12.81658,
        14.76862,
        3.69507,
        14.76862,
        3.69507,
        14.76862,
        3.69507,
        2.38,
        3.18277,
        8,
        8.56,
        13.74,
        3.18277,
        13.74,
        3.18277
      ],
      "segments": [
        1,
        2,
        2,
        4,
        2,
        2,
        4,
        2,
        2,
        4,
        2,
        2,
        4,
        2,
        2,
        1,
        2,
        2,
        4,
        2,
        2,
        2,
        2,
        2,
        2,
        1,
        2,
        2,
        2
      ]
    }
  ]
}