{
  "background": "rgb(82,82,82)",
  "width": 48,
  "height": 48,
  "comps": [
    {
      "type": "shape",
      "background": "rgb(73,245,233)",
      "borderWidth": 2,
      "borderColor": "rgb(255,255,255)",
      "fillRule": "evenodd",
      "shadowColor": "#1ABC9C",
      "points": [
        39.50317,
        5.00116,
        42.3606,
        5.00116,
        44.67701,
        7.43756,
        44.67701,
        10.4294,
        44.67701,
        10.4294,
        44.67701,
        13.42733,
        42.37114,
        15.85763,
        39.50317,
        15.85763,
        13.6615,
        15.85763,
        13.6615,
        10.4294,
        13.6615,
        7.43146,
        15.96736,
        5.00116,
        18.83533,
        5.00116,
        39.50317,
        5.00116,
        39.50317,
        5.00116
      ],
      "segments": [
        1,
        4,
        2,
        4,
        2,
        2,
        4,
        2,
        2
      ]
    },
    {
      "type": "shape",
      "background": "rgb(120,187,255)",
      "borderWidth": 2,
      "borderColor": "rgb(255,255,255)",
      "fillRule": "evenodd",
      "shadowColor": "#1ABC9C",
      "closePath": true,
      "points": [
        24,
        42.99884,
        29.16925,
        42.99884,
        32.02415,
        42.99884,
        34.3385,
        40.56635,
        34.3385,
        37.57164,
        34.3385,
        15.85763,
        24,
        15.85763,
        24,
        42.99884,
        24,
        42.99884
      ],
      "segments": [
        1,
        2,
        4,
        2,
        2,
        2,
        2
      ]
    },
    {
      "type": "shape",
      "background": "#f14d63",
      "borderWidth": 2,
      "borderColor": "rgb(255,255,255)",
      "fillRule": "evenodd",
      "shadowColor": "#1ABC9C",
      "points": [
        8.49225,
        32.14236,
        5.63735,
        32.14236,
        3.32299,
        34.57877,
        3.32299,
        37.5706,
        3.32299,
        37.5706,
        3.32299,
        40.56853,
        5.64316,
        42.99884,
        8.49225,
        42.99884,
        13.6615,
        42.99884,
        13.6615,
        37.5706,
        13.6615,
        34.57267,
        11.34134,
        32.14236,
        8.49225,
        32.14236,
        8.49225,
        32.14236,
        8.49225,
        32.14236
      ],
      "segments": [
        1,
        4,
        2,
        4,
        2,
        2,
        4,
        2,
        2
      ]
    },
    {
      "type": "shape",
      "background": "#f5ba41",
      "borderWidth": 2,
      "borderColor": "rgb(255,255,255)",
      "fillRule": "evenodd",
      "shadowColor": "#1ABC9C",
      "points": [
        13.6615,
        21.28366,
        13.6615,
        24.28282,
        11.34134,
        26.71411,
        8.49225,
        26.71411,
        8.49225,
        26.71411,
        5.63735,
        26.71411,
        3.32299,
        24.27771,
        3.32299,
        21.28587,
        3.32299,
        21.28587,
        3.32299,
        18.28794,
        5.64316,
        15.85763,
        8.49225,
        15.85763,
        13.6615,
        15.85763,
        13.6615,
        21.27972,
        13.6615,
        21.28366,
        13.6615,
        21.28366
      ],
      "segments": [
        1,
        4,
        2,
        4,
        2,
        4,
        2,
        2,
        2,
        2
      ]
    }
  ]
}