{
  "width": 16,
  "height": 16,
  "comps": [
    {
      "type": "shape",
      "background": "rgb(255,170,0)",
      "shadowColor": "#1ABC9C",
      "points": [
        2.19362,
        4.52099,
        1.33464,
        4.52099,
        1.14982,
        4.52099,
        1,
        4.36353,
        1,
        4.17876,
        1,
        3.9975,
        1.14982,
        3.85123,
        1.33464,
        3.85123,
        2.19362,
        3.85123,
        2.19362,
        2.75245,
        2.19362,
        2.44521,
        2.44565,
        2.19746,
        2.75368,
        2.19746,
        2.76558,
        2.19746,
        3.84929,
        2.19746,
        3.84929,
        1.33033,
        3.84929,
        1.14907,
        3.9949,
        1,
        4.18392,
        1,
        4.36524,
        1,
        4.51855,
        1.14977,
        4.51855,
        1.33033,
        4.51855,
        2.19746,
        6.39404,
        2.19746,
        6.39404,
        1.33033,
        6.39404,
        1.14907,
        6.54036,
        1,
        6.72517,
        1,
        6.91489,
        1,
        7.06401,
        1.14977,
        7.06401,
        1.33033,
        7.06401,
        2.19746,
        8.9395,
        2.19746,
        8.9395,
        1.33033,
        8.9395,
        1.14907,
        9.08931,
        1,
        9.27833,
        1,
        9.45965,
        1,
        9.60526,
        1.14977,
        9.60526,
        1.33033,
        9.60526,
        2.19746,
        11.48075,
        2.19746,
        11.48075,
        1.33033,
        11.48075,
        1.14907,
        11.63477,
        1,
        11.82308,
        1,
        12.0051,
        1,
        12.15072,
        1.14977,
        12.15072,
        1.33033,
        12.15072,
        2.19746,
        13.25053,
        2.19746,
        13.55436,
        2.19746,
        13.80988,
        2.44521,
        13.80988,
        2.75245,
        13.80988,
        2.76435,
        13.80988,
        3.85123,
        14.66887,
        3.85123,
        14.85859,
        3.85123,
        15,
        3.9975,
        15,
        4.17876,
        15,
        4.36353,
        14.85789,
        4.52099,
        14.66887,
        4.52099,
        13.80988,
        4.52099,
        13.80988,
        6.39662,
        14.66887,
        6.39662,
        14.85859,
        6.39662,
        15,
        6.54219,
        15,
        6.72345,
        15,
        6.90822,
        14.85789,
        7.05869,
        14.66887,
        7.05869,
        13.80988,
        7.05869,
        13.80988,
        8.94131,
        14.66887,
        8.94131,
        14.85859,
        8.94131,
        15,
        9.08688,
        15,
        9.26815,
        15,
        9.45361,
        14.85789,
        9.60268,
        14.66887,
        9.60268,
        13.80988,
        9.60268,
        13.80988,
        11.4783,
        14.66887,
        11.4783,
        14.85859,
        11.4783,
        15,
        11.63157,
        15,
        11.81704,
        15,
        11.9983,
        14.85789,
        12.14807,
        14.66887,
        12.14807,
        13.80988,
        12.14807,
        13.80988,
        13.24335,
        13.80988,
        13.54989,
        13.55436,
        13.79904,
        13.25053,
        13.79904,
        13.23513,
        13.79904,
        12.15212,
        13.79904,
        12.15212,
        14.66127,
        12.15212,
        14.84603,
        12.0065,
        15,
        11.82448,
        15,
        11.63547,
        15,
        11.48215,
        14.84603,
        11.48215,
        14.66127,
        11.48215,
        13.79904,
        9.60666,
        13.79904,
        9.60666,
        14.66127,
        9.60666,
        14.84603,
        9.46105,
        15,
        9.27973,
        15,
        9.09071,
        15,
        8.9409,
        14.84603,
        8.9409,
        14.66127,
        8.9409,
        13.79904,
        7.06541,
        13.79904,
        7.06541,
        14.66127,
        7.06541,
        14.84603,
        6.91559,
        15,
        6.72657,
        15,
        6.54176,
        15,
        6.39544,
        14.84603,
        6.39544,
        14.66127,
        6.39544,
        13.79904,
        4.51995,
        13.79904,
        4.51995,
        14.66127,
        4.51995,
        14.84603,
        4.36594,
        15,
        4.18532,
        15,
        3.9956,
        15,
        3.85069,
        14.84603,
        3.85069,
        14.66127,
        3.85069,
        13.79904,
        2.75508,
        13.79904,
        2.44705,
        13.79904,
        2.19502,
        13.55059,
        2.19502,
        13.24335,
        2.19502,
        13.23145,
        2.19502,
        12.14807,
        1.33604,
        12.14807,
        1.15122,
        12.14807,
        1.0014,
        11.9983,
        1.0014,
        11.81704,
        1.0014,
        11.63227,
        1.15122,
        11.4783,
        1.33604,
        11.4783,
        2.19502,
        11.4783,
        2.19502,
        9.60268,
        1.33604,
        9.60268,
        1.15122,
        9.60268,
        1.0014,
        9.45291,
        1.0014,
        9.26815,
        1.0014,
        9.08688,
        1.15122,
        8.94131,
        1.33604,
        8.94131,
        2.19502,
        8.94131,
        2.19502,
        7.05869,
        1.33604,
        7.05869,
        1.15122,
        7.05869,
        1.0014,
        6.90822,
        1.0014,
        6.72345,
        1.0014,
        6.54219,
        1.15122,
        6.39662,
        1.33604,
        6.39662,
        2.19502,
        6.39662,
        2.19502,
        4.52099,
        2.19362,
        4.52099,
        2.19362,
        4.52099,
        12.69607,
        3.30394,
        12.69607,
        3.30394,
        3.30533,
        3.30394,
        3.30533,
        12.69116,
        12.69607,
        12.69116,
        12.69607,
        3.30394,
        12.69607,
        3.30394,
        12.69607,
        3.30394
      ],
      "segments": [
        1,
        2,
        4,
        4,
        2,
        2,
        4,
        2,
        2,
        2,
        4,
        4,
        2,
        2,
        2,
        4,
        4,
        2,
        2,
        2,
        4,
        4,
        2,
        2,
        2,
        4,
        4,
        2,
        2,
        4,
        2,
        2,
        2,
        4,
        4,
        2,
        2,
        2,
        4,
        4,
        2,
        2,
        2,
        4,
        4,
        2,
        2,
        2,
        4,
        4,
        2,
        2,
        4,
        2,
        2,
        2,
        4,
        4,
        2,
        2,
        2,
        4,
        4,
        2,
        2,
        2,
        4,
        4,
        2,
        2,
        2,
        4,
        4,
        2,
        2,
        4,
        2,
        2,
        2,
        4,
        4,
        2,
        2,
        2,
        4,
        4,
        2,
        2,
        2,
        4,
        4,
        2,
        2,
        2,
        2,
        1,
        2,
        2,
        2,
        2,
        2,
        2,
        2
      ]
    },
    {
      "type": "roundRect",
      "background": "rgb(255,170,0)",
      "borderColor": "#979797",
      "rect": [
        7.56563,
        4.85637,
        0.86874,
        2.48213
      ]
    },
    {
      "type": "roundRect",
      "background": "rgb(255,170,0)",
      "borderColor": "#979797",
      "rotation": 5.75959,
      "rect": [
        5.64563,
        8,
        0.86874,
        2.48213
      ]
    },
    {
      "type": "roundRect",
      "background": "rgb(255,170,0)",
      "borderColor": "#979797",
      "rotation": 0.5236,
      "rect": [
        9.40563,
        8,
        0.86874,
        2.48213
      ]
    }
  ]
}