{
  "width": 32,
  "height": 16,
  "comps": [
    {
      "type": "roundRect",
      "background": "rgb(45,227,215)",
      "borderColor": "#979797",
      "cornerRadius": 3,
      "shadowColor": "#1ABC9C",
      "rect": [
        4,
        5,
        23.04409,
        6
      ]
    },
    {
      "type": "circle",
      "background": "rgb(255,255,255)",
      "borderWidth": 1,
      "borderColor": "rgb(17,184,172)",
      "shadowColor": "#1ABC9C",
      "rect": [
        16,
        2.5,
        11,
        11
      ]
    }
  ]
}