{
  "background": "rgb(176,176,176)",
  "width": 16,
  "height": 16,
  "comps": [
    {
      "type": "roundRect",
      "background": "rgb(255,204,0)",
      "borderWidth": 1,
      "borderColor": "rgb(255,255,255)",
      "cornerRadius": 2,
      "shadowColor": "#1ABC9C",
      "rect": [
        0.59999,
        0.64284,
        14.69963,
        14.74249
      ]
    },
    {
      "type": "shape",
      "background": "#666666",
      "borderWidth": 0.5,
      "borderColor": "#666666",
      "shadowColor": "#1ABC9C",
      "closePath": true,
      "points": [
        8.09751,
        2.287,
        3.29266,
        12.03581,
        2.51857,
        12.03581,
        2.49226,
        13.26094,
        13.49225,
        13.287,
        13.49225,
        12.03581,
        12.93419,
        12.03581,
        11.70793,
        9.76636,
        7.56074,
        11.82602,
        6.39443,
        10.58782,
        11.0712,
        8.30833,
        10.7029,
        7.6266,
        7.67647,
        9.06424,
        6.67104,
        8.0045,
        10.15014,
        6.32728,
        9.75563,
        5.6127,
        8.09751,
        6.45762,
        7.0712,
        5.49316,
        9.27044,
        4.38834,
        8.09751,
        2.287
      ]
    }
  ]
}